sim,weatherfile
1,../data/Kitral/Homogeneous-asc/Weathers/Weather1.csv
2,../data/Kitral/Homogeneous-asc/Weathers/Weather86.csv
3,../data/Kitral/Homogeneous-asc/Weathers/Weather1.csv
4,../data/Kitral/Homogeneous-asc/Weathers/Weather13.csv
5,../data/Kitral/Homogeneous-asc/Weathers/Weather11.csv
6,../data/Kitral/Homogeneous-asc/Weathers/Weather92.csv
7,../data/Kitral/Homogeneous-asc/Weathers/Weather10.csv
8,../data/Kitral/Homogeneous-asc/Weathers/Weather10.csv
9,../data/Kitral/Homogeneous-asc/Weathers/Weather90.csv
10,../data/Kitral/Homogeneous-asc/Weathers/Weather90.csv
11,../data/Kitral/Homogeneous-asc/Weathers/Weather96.csv
12,../data/Kitral/Homogeneous-asc/Weathers/Weather99.csv
13,../data/Kitral/Homogeneous-asc/Weathers/Weather24.csv
14,../data/Kitral/Homogeneous-asc/Weathers/Weather95.csv
15,../data/Kitral/Homogeneous-asc/Weathers/Weather95.csv
16,../data/Kitral/Homogeneous-asc/Weathers/Weather79.csv
17,../data/Kitral/Homogeneous-asc/Weathers/Weather63.csv
18,../data/Kitral/Homogeneous-asc/Weathers/Weather29.csv
19,../data/Kitral/Homogeneous-asc/Weathers/Weather81.csv
20,../data/Kitral/Homogeneous-asc/Weathers/Weather17.csv
21,../data/Kitral/Homogeneous-asc/Weathers/Weather1.csv
22,../data/Kitral/Homogeneous-asc/Weathers/Weather5.csv
23,../data/Kitral/Homogeneous-asc/Weathers/Weather76.csv
24,../data/Kitral/Homogeneous-asc/Weathers/Weather76.csv
25,../data/Kitral/Homogeneous-asc/Weathers/Weather52.csv
26,../data/Kitral/Homogeneous-asc/Weathers/Weather55.csv
27,../data/Kitral/Homogeneous-asc/Weathers/Weather55.csv
28,../data/Kitral/Homogeneous-asc/Weathers/Weather27.csv
29,../data/Kitral/Homogeneous-asc/Weathers/Weather27.csv
30,../data/Kitral/Homogeneous-asc/Weathers/Weather16.csv
31,../data/Kitral/Homogeneous-asc/Weathers/Weather53.csv
32,../data/Kitral/Homogeneous-asc/Weathers/Weather96.csv
33,../data/Kitral/Homogeneous-asc/Weathers/Weather53.csv
34,../data/Kitral/Homogeneous-asc/Weathers/Weather2.csv
35,../data/Kitral/Homogeneous-asc/Weathers/Weather77.csv
36,../data/Kitral/Homogeneous-asc/Weathers/Weather81.csv
37,../data/Kitral/Homogeneous-asc/Weathers/Weather23.csv
38,../data/Kitral/Homogeneous-asc/Weathers/Weather23.csv
39,../data/Kitral/Homogeneous-asc/Weathers/Weather54.csv
40,../data/Kitral/Homogeneous-asc/Weathers/Weather54.csv
41,../data/Kitral/Homogeneous-asc/Weathers/Weather1.csv
42,../data/Kitral/Homogeneous-asc/Weathers/Weather68.csv
43,../data/Kitral/Homogeneous-asc/Weathers/Weather37.csv
44,../data/Kitral/Homogeneous-asc/Weathers/Weather97.csv
45,../data/Kitral/Homogeneous-asc/Weathers/Weather69.csv
46,../data/Kitral/Homogeneous-asc/Weathers/Weather69.csv
47,../data/Kitral/Homogeneous-asc/Weathers/Weather5.csv
48,../data/Kitral/Homogeneous-asc/Weathers/Weather76.csv
49,../data/Kitral/Homogeneous-asc/Weathers/Weather76.csv
50,../data/Kitral/Homogeneous-asc/Weathers/Weather13.csv
51,../data/Kitral/Homogeneous-asc/Weathers/Weather33.csv
52,../data/Kitral/Homogeneous-asc/Weathers/Weather73.csv
53,../data/Kitral/Homogeneous-asc/Weathers/Weather73.csv
54,../data/Kitral/Homogeneous-asc/Weathers/Weather69.csv
55,../data/Kitral/Homogeneous-asc/Weathers/Weather73.csv
56,../data/Kitral/Homogeneous-asc/Weathers/Weather55.csv
57,../data/Kitral/Homogeneous-asc/Weathers/Weather88.csv
58,../data/Kitral/Homogeneous-asc/Weathers/Weather93.csv
59,../data/Kitral/Homogeneous-asc/Weathers/Weather50.csv
60,../data/Kitral/Homogeneous-asc/Weathers/Weather50.csv
61,../data/Kitral/Homogeneous-asc/Weathers/Weather1.csv
62,../data/Kitral/Homogeneous-asc/Weathers/Weather53.csv
63,../data/Kitral/Homogeneous-asc/Weathers/Weather94.csv
64,../data/Kitral/Homogeneous-asc/Weathers/Weather87.csv
65,../data/Kitral/Homogeneous-asc/Weathers/Weather56.csv
66,../data/Kitral/Homogeneous-asc/Weathers/Weather3.csv
67,../data/Kitral/Homogeneous-asc/Weathers/Weather76.csv
68,../data/Kitral/Homogeneous-asc/Weathers/Weather37.csv
69,../data/Kitral/Homogeneous-asc/Weathers/Weather48.csv
70,../data/Kitral/Homogeneous-asc/Weathers/Weather89.csv
71,../data/Kitral/Homogeneous-asc/Weathers/Weather32.csv
72,../data/Kitral/Homogeneous-asc/Weathers/Weather89.csv
73,../data/Kitral/Homogeneous-asc/Weathers/Weather52.csv
74,../data/Kitral/Homogeneous-asc/Weathers/Weather63.csv
75,../data/Kitral/Homogeneous-asc/Weathers/Weather66.csv
76,../data/Kitral/Homogeneous-asc/Weathers/Weather40.csv
77,../data/Kitral/Homogeneous-asc/Weathers/Weather40.csv
78,../data/Kitral/Homogeneous-asc/Weathers/Weather66.csv
79,../data/Kitral/Homogeneous-asc/Weathers/Weather75.csv
80,../data/Kitral/Homogeneous-asc/Weathers/Weather75.csv
81,../data/Kitral/Homogeneous-asc/Weathers/Weather1.csv
82,../data/Kitral/Homogeneous-asc/Weathers/Weather80.csv
83,../data/Kitral/Homogeneous-asc/Weathers/Weather51.csv
84,../data/Kitral/Homogeneous-asc/Weathers/Weather6.csv
85,../data/Kitral/Homogeneous-asc/Weathers/Weather8.csv
86,../data/Kitral/Homogeneous-asc/Weathers/Weather8.csv
87,../data/Kitral/Homogeneous-asc/Weathers/Weather96.csv
88,../data/Kitral/Homogeneous-asc/Weathers/Weather18.csv
89,../data/Kitral/Homogeneous-asc/Weathers/Weather24.csv
90,../data/Kitral/Homogeneous-asc/Weathers/Weather25.csv
91,../data/Kitral/Homogeneous-asc/Weathers/Weather49.csv
92,../data/Kitral/Homogeneous-asc/Weathers/Weather11.csv
93,../data/Kitral/Homogeneous-asc/Weathers/Weather11.csv
94,../data/Kitral/Homogeneous-asc/Weathers/Weather24.csv
95,../data/Kitral/Homogeneous-asc/Weathers/Weather27.csv
96,../data/Kitral/Homogeneous-asc/Weathers/Weather74.csv
97,../data/Kitral/Homogeneous-asc/Weathers/Weather74.csv
98,../data/Kitral/Homogeneous-asc/Weathers/Weather36.csv
99,../data/Kitral/Homogeneous-asc/Weathers/Weather36.csv
100,../data/Kitral/Homogeneous-asc/Weathers/Weather62.csv
101,../data/Kitral/Homogeneous-asc/Weathers/Weather1.csv
102,../data/Kitral/Homogeneous-asc/Weathers/Weather60.csv
103,../data/Kitral/Homogeneous-asc/Weathers/Weather67.csv
104,../data/Kitral/Homogeneous-asc/Weathers/Weather47.csv
105,../data/Kitral/Homogeneous-asc/Weathers/Weather47.csv
106,../data/Kitral/Homogeneous-asc/Weathers/Weather85.csv
107,../data/Kitral/Homogeneous-asc/Weathers/Weather44.csv
108,../data/Kitral/Homogeneous-asc/Weathers/Weather33.csv
109,../data/Kitral/Homogeneous-asc/Weathers/Weather79.csv
110,../data/Kitral/Homogeneous-asc/Weathers/Weather52.csv
111,../data/Kitral/Homogeneous-asc/Weathers/Weather73.csv
112,../data/Kitral/Homogeneous-asc/Weathers/Weather53.csv
113,../data/Kitral/Homogeneous-asc/Weathers/Weather57.csv
114,../data/Kitral/Homogeneous-asc/Weathers/Weather36.csv
115,../data/Kitral/Homogeneous-asc/Weathers/Weather54.csv
116,../data/Kitral/Homogeneous-asc/Weathers/Weather42.csv
117,../data/Kitral/Homogeneous-asc/Weathers/Weather42.csv
118,../data/Kitral/Homogeneous-asc/Weathers/Weather29.csv
119,../data/Kitral/Homogeneous-asc/Weathers/Weather29.csv
120,../data/Kitral/Homogeneous-asc/Weathers/Weather29.csv
121,../data/Kitral/Homogeneous-asc/Weathers/Weather1.csv
122,../data/Kitral/Homogeneous-asc/Weathers/Weather36.csv
123,../data/Kitral/Homogeneous-asc/Weathers/Weather36.csv
124,../data/Kitral/Homogeneous-asc/Weathers/Weather22.csv
125,../data/Kitral/Homogeneous-asc/Weathers/Weather53.csv
126,../data/Kitral/Homogeneous-asc/Weathers/Weather27.csv
127,../data/Kitral/Homogeneous-asc/Weathers/Weather76.csv
128,../data/Kitral/Homogeneous-asc/Weathers/Weather73.csv
129,../data/Kitral/Homogeneous-asc/Weathers/Weather90.csv
130,../data/Kitral/Homogeneous-asc/Weathers/Weather99.csv
131,../data/Kitral/Homogeneous-asc/Weathers/Weather50.csv
132,../data/Kitral/Homogeneous-asc/Weathers/Weather75.csv
133,../data/Kitral/Homogeneous-asc/Weathers/Weather89.csv
134,../data/Kitral/Homogeneous-asc/Weathers/Weather31.csv
135,../data/Kitral/Homogeneous-asc/Weathers/Weather18.csv
136,../data/Kitral/Homogeneous-asc/Weathers/Weather85.csv
137,../data/Kitral/Homogeneous-asc/Weathers/Weather93.csv
138,../data/Kitral/Homogeneous-asc/Weathers/Weather88.csv
139,../data/Kitral/Homogeneous-asc/Weathers/Weather88.csv
140,../data/Kitral/Homogeneous-asc/Weathers/Weather88.csv
141,../data/Kitral/Homogeneous-asc/Weathers/Weather1.csv
142,../data/Kitral/Homogeneous-asc/Weathers/Weather68.csv
143,../data/Kitral/Homogeneous-asc/Weathers/Weather85.csv
144,../data/Kitral/Homogeneous-asc/Weathers/Weather33.csv
145,../data/Kitral/Homogeneous-asc/Weathers/Weather77.csv
146,../data/Kitral/Homogeneous-asc/Weathers/Weather19.csv
147,../data/Kitral/Homogeneous-asc/Weathers/Weather100.csv
148,../data/Kitral/Homogeneous-asc/Weathers/Weather100.csv
149,../data/Kitral/Homogeneous-asc/Weathers/Weather64.csv
150,../data/Kitral/Homogeneous-asc/Weathers/Weather64.csv
151,../data/Kitral/Homogeneous-asc/Weathers/Weather90.csv
152,../data/Kitral/Homogeneous-asc/Weathers/Weather100.csv
153,../data/Kitral/Homogeneous-asc/Weathers/Weather87.csv
154,../data/Kitral/Homogeneous-asc/Weathers/Weather87.csv
155,../data/Kitral/Homogeneous-asc/Weathers/Weather36.csv
156,../data/Kitral/Homogeneous-asc/Weathers/Weather89.csv
157,../data/Kitral/Homogeneous-asc/Weathers/Weather88.csv
158,../data/Kitral/Homogeneous-asc/Weathers/Weather95.csv
159,../data/Kitral/Homogeneous-asc/Weathers/Weather95.csv
160,../data/Kitral/Homogeneous-asc/Weathers/Weather96.csv
161,../data/Kitral/Homogeneous-asc/Weathers/Weather1.csv
162,../data/Kitral/Homogeneous-asc/Weathers/Weather22.csv
163,../data/Kitral/Homogeneous-asc/Weathers/Weather45.csv
164,../data/Kitral/Homogeneous-asc/Weathers/Weather26.csv
165,../data/Kitral/Homogeneous-asc/Weathers/Weather56.csv
166,../data/Kitral/Homogeneous-asc/Weathers/Weather77.csv
167,../data/Kitral/Homogeneous-asc/Weathers/Weather66.csv
168,../data/Kitral/Homogeneous-asc/Weathers/Weather32.csv
169,../data/Kitral/Homogeneous-asc/Weathers/Weather89.csv
170,../data/Kitral/Homogeneous-asc/Weathers/Weather76.csv
171,../data/Kitral/Homogeneous-asc/Weathers/Weather50.csv
172,../data/Kitral/Homogeneous-asc/Weathers/Weather90.csv
173,../data/Kitral/Homogeneous-asc/Weathers/Weather6.csv
174,../data/Kitral/Homogeneous-asc/Weathers/Weather6.csv
175,../data/Kitral/Homogeneous-asc/Weathers/Weather75.csv
176,../data/Kitral/Homogeneous-asc/Weathers/Weather75.csv
177,../data/Kitral/Homogeneous-asc/Weathers/Weather18.csv
178,../data/Kitral/Homogeneous-asc/Weathers/Weather75.csv
179,../data/Kitral/Homogeneous-asc/Weathers/Weather20.csv
180,../data/Kitral/Homogeneous-asc/Weathers/Weather20.csv
181,../data/Kitral/Homogeneous-asc/Weathers/Weather66.csv
182,../data/Kitral/Homogeneous-asc/Weathers/Weather72.csv
183,../data/Kitral/Homogeneous-asc/Weathers/Weather77.csv
184,../data/Kitral/Homogeneous-asc/Weathers/Weather32.csv
185,../data/Kitral/Homogeneous-asc/Weathers/Weather53.csv
186,../data/Kitral/Homogeneous-asc/Weathers/Weather53.csv
187,../data/Kitral/Homogeneous-asc/Weathers/Weather37.csv
188,../data/Kitral/Homogeneous-asc/Weathers/Weather37.csv
189,../data/Kitral/Homogeneous-asc/Weathers/Weather56.csv
190,../data/Kitral/Homogeneous-asc/Weathers/Weather32.csv
191,../data/Kitral/Homogeneous-asc/Weathers/Weather89.csv
192,../data/Kitral/Homogeneous-asc/Weathers/Weather47.csv
193,../data/Kitral/Homogeneous-asc/Weathers/Weather94.csv
194,../data/Kitral/Homogeneous-asc/Weathers/Weather90.csv
195,../data/Kitral/Homogeneous-asc/Weathers/Weather85.csv
196,../data/Kitral/Homogeneous-asc/Weathers/Weather47.csv
197,../data/Kitral/Homogeneous-asc/Weathers/Weather47.csv
198,../data/Kitral/Homogeneous-asc/Weathers/Weather55.csv
199,../data/Kitral/Homogeneous-asc/Weathers/Weather55.csv
200,../data/Kitral/Homogeneous-asc/Weathers/Weather46.csv
